{
    "loss": 0.7483044266700745,
    "accuracy": 0.898575484752655
}