{
    "loss": 1.2016687393188477,
    "accuracy": 0.8547008633613586
}