{
    "loss": 1.6029967069625854,
    "accuracy": 0.8250712156295776
}