{
    "loss": 1.5383567810058594,
    "accuracy": 0.8222222328186035
}