{
    "loss": 0.08572125434875488,
    "accuracy": 0.9789002537727356
}